{
  "components": {
    "schemas": {
      "BreakfastDailySummary": {
        "properties": {
          "service_date": {
            "format": "date",
            "title": "Service Date",
            "type": "string"
          },
          "status_counts": {
            "additionalProperties": {
              "type": "integer"
            },
            "title": "Status Counts",
            "type": "object"
          },
          "total_guests": {
            "title": "Total Guests",
            "type": "integer"
          },
          "total_orders": {
            "title": "Total Orders",
            "type": "integer"
          }
        },
        "required": [
          "service_date",
          "total_orders",
          "total_guests",
          "status_counts"
        ],
        "title": "BreakfastDailySummary",
        "type": "object"
      },
      "BreakfastOrderCreate": {
        "properties": {
          "guest_count": {
            "maximum": 20.0,
            "minimum": 1.0,
            "title": "Guest Count",
            "type": "integer"
          },
          "guest_name": {
            "maxLength": 255,
            "minLength": 1,
            "title": "Guest Name",
            "type": "string"
          },
          "note": {
            "anyOf": [
              {
                "maxLength": 2000,
                "type": "string"
              },
              {
                "type": "null"
              }
            ],
            "title": "Note"
          },
          "room_number": {
            "maxLength": 32,
            "minLength": 1,
            "title": "Room Number",
            "type": "string"
          },
          "service_date": {
            "format": "date",
            "title": "Service Date",
            "type": "string"
          },
          "status": {
            "$ref": "#/components/schemas/BreakfastStatus",
            "default": "pending"
          }
        },
        "required": [
          "service_date",
          "room_number",
          "guest_name",
          "guest_count"
        ],
        "title": "BreakfastOrderCreate",
        "type": "object"
      },
      "BreakfastOrderRead": {
        "properties": {
          "created_at": {
            "anyOf": [
              {
                "format": "date-time",
                "type": "string"
              },
              {
                "type": "null"
              }
            ],
            "title": "Created At"
          },
          "guest_count": {
            "maximum": 20.0,
            "minimum": 1.0,
            "title": "Guest Count",
            "type": "integer"
          },
          "guest_name": {
            "maxLength": 255,
            "minLength": 1,
            "title": "Guest Name",
            "type": "string"
          },
          "id": {
            "title": "Id",
            "type": "integer"
          },
          "note": {
            "anyOf": [
              {
                "maxLength": 2000,
                "type": "string"
              },
              {
                "type": "null"
              }
            ],
            "title": "Note"
          },
          "room_number": {
            "maxLength": 32,
            "minLength": 1,
            "title": "Room Number",
            "type": "string"
          },
          "service_date": {
            "format": "date",
            "title": "Service Date",
            "type": "string"
          },
          "status": {
            "$ref": "#/components/schemas/BreakfastStatus",
            "default": "pending"
          },
          "updated_at": {
            "anyOf": [
              {
                "format": "date-time",
                "type": "string"
              },
              {
                "type": "null"
              }
            ],
            "title": "Updated At"
          }
        },
        "required": [
          "service_date",
          "room_number",
          "guest_name",
          "guest_count",
          "id",
          "created_at",
          "updated_at"
        ],
        "title": "BreakfastOrderRead",
        "type": "object"
      },
      "BreakfastOrderUpdate": {
        "properties": {
          "guest_count": {
            "anyOf": [
              {
                "maximum": 20.0,
                "minimum": 1.0,
                "type": "integer"
              },
              {
                "type": "null"
              }
            ],
            "title": "Guest Count"
          },
          "guest_name": {
            "anyOf": [
              {
                "maxLength": 255,
                "minLength": 1,
                "type": "string"
              },
              {
                "type": "null"
              }
            ],
            "title": "Guest Name"
          },
          "note": {
            "anyOf": [
              {
                "maxLength": 2000,
                "type": "string"
              },
              {
                "type": "null"
              }
            ],
            "title": "Note"
          },
          "room_number": {
            "anyOf": [
              {
                "maxLength": 32,
                "minLength": 1,
                "type": "string"
              },
              {
                "type": "null"
              }
            ],
            "title": "Room Number"
          },
          "service_date": {
            "anyOf": [
              {
                "format": "date",
                "type": "string"
              },
              {
                "type": "null"
              }
            ],
            "title": "Service Date"
          },
          "status": {
            "anyOf": [
              {
                "$ref": "#/components/schemas/BreakfastStatus"
              },
              {
                "type": "null"
              }
            ]
          }
        },
        "title": "BreakfastOrderUpdate",
        "type": "object"
      },
      "BreakfastStatus": {
        "enum": [
          "pending",
          "preparing",
          "served",
          "cancelled"
        ],
        "title": "BreakfastStatus",
        "type": "string"
      },
      "HTTPValidationError": {
        "properties": {
          "detail": {
            "items": {
              "$ref": "#/components/schemas/ValidationError"
            },
            "title": "Detail",
            "type": "array"
          }
        },
        "title": "HTTPValidationError",
        "type": "object"
      },
      "InventoryAuditLogRead": {
        "properties": {
          "action": {
            "title": "Action",
            "type": "string"
          },
          "created_at": {
            "anyOf": [
              {
                "format": "date-time",
                "type": "string"
              },
              {
                "type": "null"
              }
            ],
            "title": "Created At"
          },
          "detail": {
            "title": "Detail",
            "type": "string"
          },
          "entity": {
            "title": "Entity",
            "type": "string"
          },
          "entity_id": {
            "title": "Entity Id",
            "type": "integer"
          },
          "id": {
            "title": "Id",
            "type": "integer"
          }
        },
        "required": [
          "id",
          "entity",
          "entity_id",
          "action",
          "detail",
          "created_at"
        ],
        "title": "InventoryAuditLogRead",
        "type": "object"
      },
      "InventoryItemCreate": {
        "properties": {
          "current_stock": {
            "minimum": 0.0,
            "title": "Current Stock",
            "type": "integer"
          },
          "min_stock": {
            "minimum": 0.0,
            "title": "Min Stock",
            "type": "integer"
          },
          "name": {
            "maxLength": 255,
            "minLength": 1,
            "title": "Name",
            "type": "string"
          },
          "supplier": {
            "anyOf": [
              {
                "maxLength": 255,
                "type": "string"
              },
              {
                "type": "null"
              }
            ],
            "title": "Supplier"
          },
          "unit": {
            "maxLength": 32,
            "minLength": 1,
            "title": "Unit",
            "type": "string"
          }
        },
        "required": [
          "name",
          "unit",
          "min_stock",
          "current_stock"
        ],
        "title": "InventoryItemCreate",
        "type": "object"
      },
      "InventoryItemDetailRead": {
        "properties": {
          "created_at": {
            "anyOf": [
              {
                "format": "date-time",
                "type": "string"
              },
              {
                "type": "null"
              }
            ],
            "title": "Created At"
          },
          "current_stock": {
            "minimum": 0.0,
            "title": "Current Stock",
            "type": "integer"
          },
          "id": {
            "title": "Id",
            "type": "integer"
          },
          "min_stock": {
            "minimum": 0.0,
            "title": "Min Stock",
            "type": "integer"
          },
          "movements": {
            "items": {
              "$ref": "#/components/schemas/InventoryMovementRead"
            },
            "title": "Movements",
            "type": "array"
          },
          "name": {
            "maxLength": 255,
            "minLength": 1,
            "title": "Name",
            "type": "string"
          },
          "supplier": {
            "anyOf": [
              {
                "maxLength": 255,
                "type": "string"
              },
              {
                "type": "null"
              }
            ],
            "title": "Supplier"
          },
          "unit": {
            "maxLength": 32,
            "minLength": 1,
            "title": "Unit",
            "type": "string"
          },
          "updated_at": {
            "anyOf": [
              {
                "format": "date-time",
                "type": "string"
              },
              {
                "type": "null"
              }
            ],
            "title": "Updated At"
          }
        },
        "required": [
          "name",
          "unit",
          "min_stock",
          "current_stock",
          "id",
          "created_at",
          "updated_at",
          "movements"
        ],
        "title": "InventoryItemDetailRead",
        "type": "object"
      },
      "InventoryItemRead": {
        "properties": {
          "created_at": {
            "anyOf": [
              {
                "format": "date-time",
                "type": "string"
              },
              {
                "type": "null"
              }
            ],
            "title": "Created At"
          },
          "current_stock": {
            "minimum": 0.0,
            "title": "Current Stock",
            "type": "integer"
          },
          "id": {
            "title": "Id",
            "type": "integer"
          },
          "min_stock": {
            "minimum": 0.0,
            "title": "Min Stock",
            "type": "integer"
          },
          "name": {
            "maxLength": 255,
            "minLength": 1,
            "title": "Name",
            "type": "string"
          },
          "supplier": {
            "anyOf": [
              {
                "maxLength": 255,
                "type": "string"
              },
              {
                "type": "null"
              }
            ],
            "title": "Supplier"
          },
          "unit": {
            "maxLength": 32,
            "minLength": 1,
            "title": "Unit",
            "type": "string"
          },
          "updated_at": {
            "anyOf": [
              {
                "format": "date-time",
                "type": "string"
              },
              {
                "type": "null"
              }
            ],
            "title": "Updated At"
          }
        },
        "required": [
          "name",
          "unit",
          "min_stock",
          "current_stock",
          "id",
          "created_at",
          "updated_at"
        ],
        "title": "InventoryItemRead",
        "type": "object"
      },
      "InventoryItemUpdate": {
        "properties": {
          "current_stock": {
            "anyOf": [
              {
                "minimum": 0.0,
                "type": "integer"
              },
              {
                "type": "null"
              }
            ],
            "title": "Current Stock"
          },
          "min_stock": {
            "anyOf": [
              {
                "minimum": 0.0,
                "type": "integer"
              },
              {
                "type": "null"
              }
            ],
            "title": "Min Stock"
          },
          "name": {
            "anyOf": [
              {
                "maxLength": 255,
                "minLength": 1,
                "type": "string"
              },
              {
                "type": "null"
              }
            ],
            "title": "Name"
          },
          "supplier": {
            "anyOf": [
              {
                "maxLength": 255,
                "type": "string"
              },
              {
                "type": "null"
              }
            ],
            "title": "Supplier"
          },
          "unit": {
            "anyOf": [
              {
                "maxLength": 32,
                "minLength": 1,
                "type": "string"
              },
              {
                "type": "null"
              }
            ],
            "title": "Unit"
          }
        },
        "title": "InventoryItemUpdate",
        "type": "object"
      },
      "InventoryItemWithAuditRead": {
        "properties": {
          "audit_logs": {
            "items": {
              "$ref": "#/components/schemas/InventoryAuditLogRead"
            },
            "title": "Audit Logs",
            "type": "array"
          },
          "created_at": {
            "anyOf": [
              {
                "format": "date-time",
                "type": "string"
              },
              {
                "type": "null"
              }
            ],
            "title": "Created At"
          },
          "current_stock": {
            "minimum": 0.0,
            "title": "Current Stock",
            "type": "integer"
          },
          "id": {
            "title": "Id",
            "type": "integer"
          },
          "min_stock": {
            "minimum": 0.0,
            "title": "Min Stock",
            "type": "integer"
          },
          "movements": {
            "items": {
              "$ref": "#/components/schemas/InventoryMovementRead"
            },
            "title": "Movements",
            "type": "array"
          },
          "name": {
            "maxLength": 255,
            "minLength": 1,
            "title": "Name",
            "type": "string"
          },
          "supplier": {
            "anyOf": [
              {
                "maxLength": 255,
                "type": "string"
              },
              {
                "type": "null"
              }
            ],
            "title": "Supplier"
          },
          "unit": {
            "maxLength": 32,
            "minLength": 1,
            "title": "Unit",
            "type": "string"
          },
          "updated_at": {
            "anyOf": [
              {
                "format": "date-time",
                "type": "string"
              },
              {
                "type": "null"
              }
            ],
            "title": "Updated At"
          }
        },
        "required": [
          "name",
          "unit",
          "min_stock",
          "current_stock",
          "id",
          "created_at",
          "updated_at",
          "movements",
          "audit_logs"
        ],
        "title": "InventoryItemWithAuditRead",
        "type": "object"
      },
      "InventoryMovementCreate": {
        "properties": {
          "movement_type": {
            "$ref": "#/components/schemas/InventoryMovementType"
          },
          "note": {
            "anyOf": [
              {
                "maxLength": 2000,
                "type": "string"
              },
              {
                "type": "null"
              }
            ],
            "title": "Note"
          },
          "quantity": {
            "minimum": 0.0,
            "title": "Quantity",
            "type": "integer"
          }
        },
        "required": [
          "movement_type",
          "quantity"
        ],
        "title": "InventoryMovementCreate",
        "type": "object"
      },
      "InventoryMovementRead": {
        "properties": {
          "created_at": {
            "anyOf": [
              {
                "format": "date-time",
                "type": "string"
              },
              {
                "type": "null"
              }
            ],
            "title": "Created At"
          },
          "id": {
            "title": "Id",
            "type": "integer"
          },
          "item_id": {
            "title": "Item Id",
            "type": "integer"
          },
          "movement_type": {
            "$ref": "#/components/schemas/InventoryMovementType"
          },
          "note": {
            "anyOf": [
              {
                "maxLength": 2000,
                "type": "string"
              },
              {
                "type": "null"
              }
            ],
            "title": "Note"
          },
          "quantity": {
            "minimum": 0.0,
            "title": "Quantity",
            "type": "integer"
          }
        },
        "required": [
          "movement_type",
          "quantity",
          "id",
          "item_id",
          "created_at"
        ],
        "title": "InventoryMovementRead",
        "type": "object"
      },
      "InventoryMovementType": {
        "enum": [
          "in",
          "out",
          "adjust"
        ],
        "title": "InventoryMovementType",
        "type": "string"
      },
      "IssueCreate": {
        "properties": {
          "assignee": {
            "anyOf": [
              {
                "maxLength": 255,
                "type": "string"
              },
              {
                "type": "null"
              }
            ],
            "title": "Assignee"
          },
          "description": {
            "anyOf": [
              {
                "maxLength": 4000,
                "type": "string"
              },
              {
                "type": "null"
              }
            ],
            "title": "Description"
          },
          "location": {
            "maxLength": 255,
            "minLength": 1,
            "title": "Location",
            "type": "string"
          },
          "priority": {
            "$ref": "#/components/schemas/IssuePriority",
            "default": "medium"
          },
          "room_number": {
            "anyOf": [
              {
                "maxLength": 32,
                "minLength": 1,
                "type": "string"
              },
              {
                "type": "null"
              }
            ],
            "title": "Room Number"
          },
          "status": {
            "$ref": "#/components/schemas/IssueStatus",
            "default": "new"
          },
          "title": {
            "maxLength": 255,
            "minLength": 3,
            "title": "Title",
            "type": "string"
          }
        },
        "required": [
          "title",
          "location"
        ],
        "title": "IssueCreate",
        "type": "object"
      },
      "IssuePriority": {
        "enum": [
          "low",
          "medium",
          "high",
          "critical"
        ],
        "title": "IssuePriority",
        "type": "string"
      },
      "IssueRead": {
        "properties": {
          "assignee": {
            "anyOf": [
              {
                "maxLength": 255,
                "type": "string"
              },
              {
                "type": "null"
              }
            ],
            "title": "Assignee"
          },
          "closed_at": {
            "anyOf": [
              {
                "format": "date-time",
                "type": "string"
              },
              {
                "type": "null"
              }
            ],
            "title": "Closed At"
          },
          "created_at": {
            "anyOf": [
              {
                "format": "date-time",
                "type": "string"
              },
              {
                "type": "null"
              }
            ],
            "title": "Created At"
          },
          "description": {
            "anyOf": [
              {
                "maxLength": 4000,
                "type": "string"
              },
              {
                "type": "null"
              }
            ],
            "title": "Description"
          },
          "id": {
            "title": "Id",
            "type": "integer"
          },
          "in_progress_at": {
            "anyOf": [
              {
                "format": "date-time",
                "type": "string"
              },
              {
                "type": "null"
              }
            ],
            "title": "In Progress At"
          },
          "location": {
            "maxLength": 255,
            "minLength": 1,
            "title": "Location",
            "type": "string"
          },
          "priority": {
            "$ref": "#/components/schemas/IssuePriority",
            "default": "medium"
          },
          "resolved_at": {
            "anyOf": [
              {
                "format": "date-time",
                "type": "string"
              },
              {
                "type": "null"
              }
            ],
            "title": "Resolved At"
          },
          "room_number": {
            "anyOf": [
              {
                "maxLength": 32,
                "minLength": 1,
                "type": "string"
              },
              {
                "type": "null"
              }
            ],
            "title": "Room Number"
          },
          "status": {
            "$ref": "#/components/schemas/IssueStatus",
            "default": "new"
          },
          "title": {
            "maxLength": 255,
            "minLength": 3,
            "title": "Title",
            "type": "string"
          },
          "updated_at": {
            "anyOf": [
              {
                "format": "date-time",
                "type": "string"
              },
              {
                "type": "null"
              }
            ],
            "title": "Updated At"
          }
        },
        "required": [
          "title",
          "location",
          "id",
          "in_progress_at",
          "resolved_at",
          "closed_at",
          "created_at",
          "updated_at"
        ],
        "title": "IssueRead",
        "type": "object"
      },
      "IssueStatus": {
        "enum": [
          "new",
          "in_progress",
          "resolved",
          "closed"
        ],
        "title": "IssueStatus",
        "type": "string"
      },
      "IssueUpdate": {
        "properties": {
          "assignee": {
            "anyOf": [
              {
                "maxLength": 255,
                "type": "string"
              },
              {
                "type": "null"
              }
            ],
            "title": "Assignee"
          },
          "description": {
            "anyOf": [
              {
                "maxLength": 4000,
                "type": "string"
              },
              {
                "type": "null"
              }
            ],
            "title": "Description"
          },
          "location": {
            "anyOf": [
              {
                "maxLength": 255,
                "minLength": 1,
                "type": "string"
              },
              {
                "type": "null"
              }
            ],
            "title": "Location"
          },
          "priority": {
            "anyOf": [
              {
                "$ref": "#/components/schemas/IssuePriority"
              },
              {
                "type": "null"
              }
            ]
          },
          "room_number": {
            "anyOf": [
              {
                "maxLength": 32,
                "minLength": 1,
                "type": "string"
              },
              {
                "type": "null"
              }
            ],
            "title": "Room Number"
          },
          "status": {
            "anyOf": [
              {
                "$ref": "#/components/schemas/IssueStatus"
              },
              {
                "type": "null"
              }
            ]
          },
          "title": {
            "anyOf": [
              {
                "maxLength": 255,
                "minLength": 3,
                "type": "string"
              },
              {
                "type": "null"
              }
            ],
            "title": "Title"
          }
        },
        "title": "IssueUpdate",
        "type": "object"
      },
      "LostFoundItemCreate": {
        "properties": {
          "category": {
            "maxLength": 64,
            "minLength": 1,
            "title": "Category",
            "type": "string"
          },
          "claimant_contact": {
            "anyOf": [
              {
                "maxLength": 255,
                "type": "string"
              },
              {
                "type": "null"
              }
            ],
            "title": "Claimant Contact"
          },
          "claimant_name": {
            "anyOf": [
              {
                "maxLength": 255,
                "type": "string"
              },
              {
                "type": "null"
              }
            ],
            "title": "Claimant Name"
          },
          "claimed_at": {
            "anyOf": [
              {
                "format": "date-time",
                "type": "string"
              },
              {
                "type": "null"
              }
            ],
            "title": "Claimed At"
          },
          "description": {
            "maxLength": 4000,
            "minLength": 3,
            "title": "Description",
            "type": "string"
          },
          "event_at": {
            "format": "date-time",
            "title": "Event At",
            "type": "string"
          },
          "handover_note": {
            "anyOf": [
              {
                "maxLength": 2000,
                "type": "string"
              },
              {
                "type": "null"
              }
            ],
            "title": "Handover Note"
          },
          "item_type": {
            "$ref": "#/components/schemas/LostFoundItemType",
            "default": "found"
          },
          "location": {
            "maxLength": 255,
            "minLength": 1,
            "title": "Location",
            "type": "string"
          },
          "returned_at": {
            "anyOf": [
              {
                "format": "date-time",
                "type": "string"
              },
              {
                "type": "null"
              }
            ],
            "title": "Returned At"
          },
          "status": {
            "$ref": "#/components/schemas/LostFoundStatus",
            "default": "stored"
          }
        },
        "required": [
          "description",
          "category",
          "location",
          "event_at"
        ],
        "title": "LostFoundItemCreate",
        "type": "object"
      },
      "LostFoundItemRead": {
        "properties": {
          "category": {
            "maxLength": 64,
            "minLength": 1,
            "title": "Category",
            "type": "string"
          },
          "claimant_contact": {
            "anyOf": [
              {
                "maxLength": 255,
                "type": "string"
              },
              {
                "type": "null"
              }
            ],
            "title": "Claimant Contact"
          },
          "claimant_name": {
            "anyOf": [
              {
                "maxLength": 255,
                "type": "string"
              },
              {
                "type": "null"
              }
            ],
            "title": "Claimant Name"
          },
          "claimed_at": {
            "anyOf": [
              {
                "format": "date-time",
                "type": "string"
              },
              {
                "type": "null"
              }
            ],
            "title": "Claimed At"
          },
          "created_at": {
            "anyOf": [
              {
                "format": "date-time",
                "type": "string"
              },
              {
                "type": "null"
              }
            ],
            "title": "Created At"
          },
          "description": {
            "maxLength": 4000,
            "minLength": 3,
            "title": "Description",
            "type": "string"
          },
          "event_at": {
            "format": "date-time",
            "title": "Event At",
            "type": "string"
          },
          "handover_note": {
            "anyOf": [
              {
                "maxLength": 2000,
                "type": "string"
              },
              {
                "type": "null"
              }
            ],
            "title": "Handover Note"
          },
          "id": {
            "title": "Id",
            "type": "integer"
          },
          "item_type": {
            "$ref": "#/components/schemas/LostFoundItemType",
            "default": "found"
          },
          "location": {
            "maxLength": 255,
            "minLength": 1,
            "title": "Location",
            "type": "string"
          },
          "returned_at": {
            "anyOf": [
              {
                "format": "date-time",
                "type": "string"
              },
              {
                "type": "null"
              }
            ],
            "title": "Returned At"
          },
          "status": {
            "$ref": "#/components/schemas/LostFoundStatus",
            "default": "stored"
          },
          "updated_at": {
            "anyOf": [
              {
                "format": "date-time",
                "type": "string"
              },
              {
                "type": "null"
              }
            ],
            "title": "Updated At"
          }
        },
        "required": [
          "description",
          "category",
          "location",
          "event_at",
          "id",
          "created_at",
          "updated_at"
        ],
        "title": "LostFoundItemRead",
        "type": "object"
      },
      "LostFoundItemType": {
        "enum": [
          "lost",
          "found"
        ],
        "title": "LostFoundItemType",
        "type": "string"
      },
      "LostFoundItemUpdate": {
        "properties": {
          "category": {
            "anyOf": [
              {
                "maxLength": 64,
                "minLength": 1,
                "type": "string"
              },
              {
                "type": "null"
              }
            ],
            "title": "Category"
          },
          "claimant_contact": {
            "anyOf": [
              {
                "maxLength": 255,
                "type": "string"
              },
              {
                "type": "null"
              }
            ],
            "title": "Claimant Contact"
          },
          "claimant_name": {
            "anyOf": [
              {
                "maxLength": 255,
                "type": "string"
              },
              {
                "type": "null"
              }
            ],
            "title": "Claimant Name"
          },
          "claimed_at": {
            "anyOf": [
              {
                "format": "date-time",
                "type": "string"
              },
              {
                "type": "null"
              }
            ],
            "title": "Claimed At"
          },
          "description": {
            "anyOf": [
              {
                "maxLength": 4000,
                "minLength": 3,
                "type": "string"
              },
              {
                "type": "null"
              }
            ],
            "title": "Description"
          },
          "event_at": {
            "anyOf": [
              {
                "format": "date-time",
                "type": "string"
              },
              {
                "type": "null"
              }
            ],
            "title": "Event At"
          },
          "handover_note": {
            "anyOf": [
              {
                "maxLength": 2000,
                "type": "string"
              },
              {
                "type": "null"
              }
            ],
            "title": "Handover Note"
          },
          "item_type": {
            "anyOf": [
              {
                "$ref": "#/components/schemas/LostFoundItemType"
              },
              {
                "type": "null"
              }
            ]
          },
          "location": {
            "anyOf": [
              {
                "maxLength": 255,
                "minLength": 1,
                "type": "string"
              },
              {
                "type": "null"
              }
            ],
            "title": "Location"
          },
          "returned_at": {
            "anyOf": [
              {
                "format": "date-time",
                "type": "string"
              },
              {
                "type": "null"
              }
            ],
            "title": "Returned At"
          },
          "status": {
            "anyOf": [
              {
                "$ref": "#/components/schemas/LostFoundStatus"
              },
              {
                "type": "null"
              }
            ]
          }
        },
        "title": "LostFoundItemUpdate",
        "type": "object"
      },
      "LostFoundStatus": {
        "enum": [
          "stored",
          "claimed",
          "returned",
          "disposed"
        ],
        "title": "LostFoundStatus",
        "type": "string"
      },
      "ReportCreate": {
        "properties": {
          "description": {
            "anyOf": [
              {
                "maxLength": 4000,
                "type": "string"
              },
              {
                "type": "null"
              }
            ],
            "title": "Description"
          },
          "status": {
            "default": "open",
            "pattern": "^(open|in_progress|closed)$",
            "title": "Status",
            "type": "string"
          },
          "title": {
            "maxLength": 255,
            "minLength": 3,
            "title": "Title",
            "type": "string"
          }
        },
        "required": [
          "title"
        ],
        "title": "ReportCreate",
        "type": "object"
      },
      "ReportRead": {
        "properties": {
          "created_at": {
            "anyOf": [
              {
                "format": "date-time",
                "type": "string"
              },
              {
                "type": "null"
              }
            ],
            "title": "Created At"
          },
          "description": {
            "anyOf": [
              {
                "type": "string"
              },
              {
                "type": "null"
              }
            ],
            "title": "Description"
          },
          "id": {
            "title": "Id",
            "type": "integer"
          },
          "status": {
            "title": "Status",
            "type": "string"
          },
          "title": {
            "title": "Title",
            "type": "string"
          },
          "updated_at": {
            "anyOf": [
              {
                "format": "date-time",
                "type": "string"
              },
              {
                "type": "null"
              }
            ],
            "title": "Updated At"
          }
        },
        "required": [
          "id",
          "title",
          "description",
          "status",
          "created_at",
          "updated_at"
        ],
        "title": "ReportRead",
        "type": "object"
      },
      "ReportUpdate": {
        "properties": {
          "description": {
            "anyOf": [
              {
                "maxLength": 4000,
                "type": "string"
              },
              {
                "type": "null"
              }
            ],
            "title": "Description"
          },
          "status": {
            "anyOf": [
              {
                "pattern": "^(open|in_progress|closed)$",
                "type": "string"
              },
              {
                "type": "null"
              }
            ],
            "title": "Status"
          },
          "title": {
            "anyOf": [
              {
                "maxLength": 255,
                "minLength": 3,
                "type": "string"
              },
              {
                "type": "null"
              }
            ],
            "title": "Title"
          }
        },
        "title": "ReportUpdate",
        "type": "object"
      },
      "ValidationError": {
        "properties": {
          "ctx": {
            "title": "Context",
            "type": "object"
          },
          "input": {
            "title": "Input"
          },
          "loc": {
            "items": {
              "anyOf": [
                {
                  "type": "string"
                },
                {
                  "type": "integer"
                }
              ]
            },
            "title": "Location",
            "type": "array"
          },
          "msg": {
            "title": "Message",
            "type": "string"
          },
          "type": {
            "title": "Error Type",
            "type": "string"
          }
        },
        "required": [
          "loc",
          "msg",
          "type"
        ],
        "title": "ValidationError",
        "type": "object"
      }
    }
  },
  "info": {
    "title": "K\u00e1jovoHotel API",
    "version": "0.1.0"
  },
  "openapi": "3.1.0",
  "paths": {
    "/api/v1/breakfast": {
      "get": {
        "operationId": "list_breakfast_orders_api_v1_breakfast_get",
        "parameters": [
          {
            "in": "query",
            "name": "service_date",
            "required": false,
            "schema": {
              "anyOf": [
                {
                  "format": "date",
                  "type": "string"
                },
                {
                  "type": "null"
                }
              ],
              "title": "Service Date"
            }
          },
          {
            "in": "query",
            "name": "status",
            "required": false,
            "schema": {
              "anyOf": [
                {
                  "$ref": "#/components/schemas/BreakfastStatus"
                },
                {
                  "type": "null"
                }
              ],
              "title": "Status"
            }
          }
        ],
        "responses": {
          "200": {
            "content": {
              "application/json": {
                "schema": {
                  "items": {
                    "$ref": "#/components/schemas/BreakfastOrderRead"
                  },
                  "title": "Response List Breakfast Orders Api V1 Breakfast Get",
                  "type": "array"
                }
              }
            },
            "description": "Successful Response"
          },
          "422": {
            "content": {
              "application/json": {
                "schema": {
                  "$ref": "#/components/schemas/HTTPValidationError"
                }
              }
            },
            "description": "Validation Error"
          }
        },
        "summary": "List Breakfast Orders",
        "tags": [
          "breakfast"
        ]
      },
      "post": {
        "operationId": "create_breakfast_order_api_v1_breakfast_post",
        "requestBody": {
          "content": {
            "application/json": {
              "schema": {
                "$ref": "#/components/schemas/BreakfastOrderCreate"
              }
            }
          },
          "required": true
        },
        "responses": {
          "201": {
            "content": {
              "application/json": {
                "schema": {
                  "$ref": "#/components/schemas/BreakfastOrderRead"
                }
              }
            },
            "description": "Successful Response"
          },
          "422": {
            "content": {
              "application/json": {
                "schema": {
                  "$ref": "#/components/schemas/HTTPValidationError"
                }
              }
            },
            "description": "Validation Error"
          }
        },
        "summary": "Create Breakfast Order",
        "tags": [
          "breakfast"
        ]
      }
    },
    "/api/v1/breakfast/daily-summary": {
      "get": {
        "operationId": "get_daily_summary_api_v1_breakfast_daily_summary_get",
        "parameters": [
          {
            "in": "query",
            "name": "service_date",
            "required": true,
            "schema": {
              "format": "date",
              "title": "Service Date",
              "type": "string"
            }
          }
        ],
        "responses": {
          "200": {
            "content": {
              "application/json": {
                "schema": {
                  "$ref": "#/components/schemas/BreakfastDailySummary"
                }
              }
            },
            "description": "Successful Response"
          },
          "422": {
            "content": {
              "application/json": {
                "schema": {
                  "$ref": "#/components/schemas/HTTPValidationError"
                }
              }
            },
            "description": "Validation Error"
          }
        },
        "summary": "Get Daily Summary",
        "tags": [
          "breakfast"
        ]
      }
    },
    "/api/v1/breakfast/{order_id}": {
      "delete": {
        "operationId": "delete_breakfast_order_api_v1_breakfast__order_id__delete",
        "parameters": [
          {
            "in": "path",
            "name": "order_id",
            "required": true,
            "schema": {
              "title": "Order Id",
              "type": "integer"
            }
          }
        ],
        "responses": {
          "204": {
            "description": "Successful Response"
          },
          "422": {
            "content": {
              "application/json": {
                "schema": {
                  "$ref": "#/components/schemas/HTTPValidationError"
                }
              }
            },
            "description": "Validation Error"
          }
        },
        "summary": "Delete Breakfast Order",
        "tags": [
          "breakfast"
        ]
      },
      "get": {
        "operationId": "get_breakfast_order_api_v1_breakfast__order_id__get",
        "parameters": [
          {
            "in": "path",
            "name": "order_id",
            "required": true,
            "schema": {
              "title": "Order Id",
              "type": "integer"
            }
          }
        ],
        "responses": {
          "200": {
            "content": {
              "application/json": {
                "schema": {
                  "$ref": "#/components/schemas/BreakfastOrderRead"
                }
              }
            },
            "description": "Successful Response"
          },
          "422": {
            "content": {
              "application/json": {
                "schema": {
                  "$ref": "#/components/schemas/HTTPValidationError"
                }
              }
            },
            "description": "Validation Error"
          }
        },
        "summary": "Get Breakfast Order",
        "tags": [
          "breakfast"
        ]
      },
      "put": {
        "operationId": "update_breakfast_order_api_v1_breakfast__order_id__put",
        "parameters": [
          {
            "in": "path",
            "name": "order_id",
            "required": true,
            "schema": {
              "title": "Order Id",
              "type": "integer"
            }
          }
        ],
        "requestBody": {
          "content": {
            "application/json": {
              "schema": {
                "$ref": "#/components/schemas/BreakfastOrderUpdate"
              }
            }
          },
          "required": true
        },
        "responses": {
          "200": {
            "content": {
              "application/json": {
                "schema": {
                  "$ref": "#/components/schemas/BreakfastOrderRead"
                }
              }
            },
            "description": "Successful Response"
          },
          "422": {
            "content": {
              "application/json": {
                "schema": {
                  "$ref": "#/components/schemas/HTTPValidationError"
                }
              }
            },
            "description": "Validation Error"
          }
        },
        "summary": "Update Breakfast Order",
        "tags": [
          "breakfast"
        ]
      }
    },
    "/api/v1/inventory": {
      "get": {
        "operationId": "list_items_api_v1_inventory_get",
        "parameters": [
          {
            "in": "query",
            "name": "low_stock",
            "required": false,
            "schema": {
              "default": false,
              "title": "Low Stock",
              "type": "boolean"
            }
          }
        ],
        "responses": {
          "200": {
            "content": {
              "application/json": {
                "schema": {
                  "items": {
                    "$ref": "#/components/schemas/InventoryItemRead"
                  },
                  "title": "Response List Items Api V1 Inventory Get",
                  "type": "array"
                }
              }
            },
            "description": "Successful Response"
          },
          "422": {
            "content": {
              "application/json": {
                "schema": {
                  "$ref": "#/components/schemas/HTTPValidationError"
                }
              }
            },
            "description": "Validation Error"
          }
        },
        "summary": "List Items",
        "tags": [
          "inventory"
        ]
      },
      "post": {
        "operationId": "create_item_api_v1_inventory_post",
        "requestBody": {
          "content": {
            "application/json": {
              "schema": {
                "$ref": "#/components/schemas/InventoryItemCreate"
              }
            }
          },
          "required": true
        },
        "responses": {
          "201": {
            "content": {
              "application/json": {
                "schema": {
                  "$ref": "#/components/schemas/InventoryItemRead"
                }
              }
            },
            "description": "Successful Response"
          },
          "422": {
            "content": {
              "application/json": {
                "schema": {
                  "$ref": "#/components/schemas/HTTPValidationError"
                }
              }
            },
            "description": "Validation Error"
          }
        },
        "summary": "Create Item",
        "tags": [
          "inventory"
        ]
      }
    },
    "/api/v1/inventory/{item_id}": {
      "delete": {
        "operationId": "delete_item_api_v1_inventory__item_id__delete",
        "parameters": [
          {
            "in": "path",
            "name": "item_id",
            "required": true,
            "schema": {
              "title": "Item Id",
              "type": "integer"
            }
          }
        ],
        "responses": {
          "204": {
            "description": "Successful Response"
          },
          "422": {
            "content": {
              "application/json": {
                "schema": {
                  "$ref": "#/components/schemas/HTTPValidationError"
                }
              }
            },
            "description": "Validation Error"
          }
        },
        "summary": "Delete Item",
        "tags": [
          "inventory"
        ]
      },
      "get": {
        "operationId": "get_item_api_v1_inventory__item_id__get",
        "parameters": [
          {
            "in": "path",
            "name": "item_id",
            "required": true,
            "schema": {
              "title": "Item Id",
              "type": "integer"
            }
          }
        ],
        "responses": {
          "200": {
            "content": {
              "application/json": {
                "schema": {
                  "$ref": "#/components/schemas/InventoryItemWithAuditRead"
                }
              }
            },
            "description": "Successful Response"
          },
          "422": {
            "content": {
              "application/json": {
                "schema": {
                  "$ref": "#/components/schemas/HTTPValidationError"
                }
              }
            },
            "description": "Validation Error"
          }
        },
        "summary": "Get Item",
        "tags": [
          "inventory"
        ]
      },
      "put": {
        "operationId": "update_item_api_v1_inventory__item_id__put",
        "parameters": [
          {
            "in": "path",
            "name": "item_id",
            "required": true,
            "schema": {
              "title": "Item Id",
              "type": "integer"
            }
          }
        ],
        "requestBody": {
          "content": {
            "application/json": {
              "schema": {
                "$ref": "#/components/schemas/InventoryItemUpdate"
              }
            }
          },
          "required": true
        },
        "responses": {
          "200": {
            "content": {
              "application/json": {
                "schema": {
                  "$ref": "#/components/schemas/InventoryItemRead"
                }
              }
            },
            "description": "Successful Response"
          },
          "422": {
            "content": {
              "application/json": {
                "schema": {
                  "$ref": "#/components/schemas/HTTPValidationError"
                }
              }
            },
            "description": "Validation Error"
          }
        },
        "summary": "Update Item",
        "tags": [
          "inventory"
        ]
      }
    },
    "/api/v1/inventory/{item_id}/movements": {
      "post": {
        "operationId": "add_movement_api_v1_inventory__item_id__movements_post",
        "parameters": [
          {
            "in": "path",
            "name": "item_id",
            "required": true,
            "schema": {
              "title": "Item Id",
              "type": "integer"
            }
          }
        ],
        "requestBody": {
          "content": {
            "application/json": {
              "schema": {
                "$ref": "#/components/schemas/InventoryMovementCreate"
              }
            }
          },
          "required": true
        },
        "responses": {
          "200": {
            "content": {
              "application/json": {
                "schema": {
                  "$ref": "#/components/schemas/InventoryItemDetailRead"
                }
              }
            },
            "description": "Successful Response"
          },
          "422": {
            "content": {
              "application/json": {
                "schema": {
                  "$ref": "#/components/schemas/HTTPValidationError"
                }
              }
            },
            "description": "Validation Error"
          }
        },
        "summary": "Add Movement",
        "tags": [
          "inventory"
        ]
      }
    },
    "/api/v1/issues": {
      "get": {
        "operationId": "list_issues_api_v1_issues_get",
        "parameters": [
          {
            "in": "query",
            "name": "priority",
            "required": false,
            "schema": {
              "anyOf": [
                {
                  "$ref": "#/components/schemas/IssuePriority"
                },
                {
                  "type": "null"
                }
              ],
              "title": "Priority"
            }
          },
          {
            "in": "query",
            "name": "status",
            "required": false,
            "schema": {
              "anyOf": [
                {
                  "$ref": "#/components/schemas/IssueStatus"
                },
                {
                  "type": "null"
                }
              ],
              "title": "Status"
            }
          },
          {
            "in": "query",
            "name": "location",
            "required": false,
            "schema": {
              "anyOf": [
                {
                  "type": "string"
                },
                {
                  "type": "null"
                }
              ],
              "title": "Location"
            }
          },
          {
            "in": "query",
            "name": "room_number",
            "required": false,
            "schema": {
              "anyOf": [
                {
                  "type": "string"
                },
                {
                  "type": "null"
                }
              ],
              "title": "Room Number"
            }
          }
        ],
        "responses": {
          "200": {
            "content": {
              "application/json": {
                "schema": {
                  "items": {
                    "$ref": "#/components/schemas/IssueRead"
                  },
                  "title": "Response List Issues Api V1 Issues Get",
                  "type": "array"
                }
              }
            },
            "description": "Successful Response"
          },
          "422": {
            "content": {
              "application/json": {
                "schema": {
                  "$ref": "#/components/schemas/HTTPValidationError"
                }
              }
            },
            "description": "Validation Error"
          }
        },
        "summary": "List Issues",
        "tags": [
          "issues"
        ]
      },
      "post": {
        "operationId": "create_issue_api_v1_issues_post",
        "requestBody": {
          "content": {
            "application/json": {
              "schema": {
                "$ref": "#/components/schemas/IssueCreate"
              }
            }
          },
          "required": true
        },
        "responses": {
          "201": {
            "content": {
              "application/json": {
                "schema": {
                  "$ref": "#/components/schemas/IssueRead"
                }
              }
            },
            "description": "Successful Response"
          },
          "422": {
            "content": {
              "application/json": {
                "schema": {
                  "$ref": "#/components/schemas/HTTPValidationError"
                }
              }
            },
            "description": "Validation Error"
          }
        },
        "summary": "Create Issue",
        "tags": [
          "issues"
        ]
      }
    },
    "/api/v1/issues/{issue_id}": {
      "delete": {
        "operationId": "delete_issue_api_v1_issues__issue_id__delete",
        "parameters": [
          {
            "in": "path",
            "name": "issue_id",
            "required": true,
            "schema": {
              "title": "Issue Id",
              "type": "integer"
            }
          }
        ],
        "responses": {
          "204": {
            "description": "Successful Response"
          },
          "422": {
            "content": {
              "application/json": {
                "schema": {
                  "$ref": "#/components/schemas/HTTPValidationError"
                }
              }
            },
            "description": "Validation Error"
          }
        },
        "summary": "Delete Issue",
        "tags": [
          "issues"
        ]
      },
      "get": {
        "operationId": "get_issue_api_v1_issues__issue_id__get",
        "parameters": [
          {
            "in": "path",
            "name": "issue_id",
            "required": true,
            "schema": {
              "title": "Issue Id",
              "type": "integer"
            }
          }
        ],
        "responses": {
          "200": {
            "content": {
              "application/json": {
                "schema": {
                  "$ref": "#/components/schemas/IssueRead"
                }
              }
            },
            "description": "Successful Response"
          },
          "422": {
            "content": {
              "application/json": {
                "schema": {
                  "$ref": "#/components/schemas/HTTPValidationError"
                }
              }
            },
            "description": "Validation Error"
          }
        },
        "summary": "Get Issue",
        "tags": [
          "issues"
        ]
      },
      "put": {
        "operationId": "update_issue_api_v1_issues__issue_id__put",
        "parameters": [
          {
            "in": "path",
            "name": "issue_id",
            "required": true,
            "schema": {
              "title": "Issue Id",
              "type": "integer"
            }
          }
        ],
        "requestBody": {
          "content": {
            "application/json": {
              "schema": {
                "$ref": "#/components/schemas/IssueUpdate"
              }
            }
          },
          "required": true
        },
        "responses": {
          "200": {
            "content": {
              "application/json": {
                "schema": {
                  "$ref": "#/components/schemas/IssueRead"
                }
              }
            },
            "description": "Successful Response"
          },
          "422": {
            "content": {
              "application/json": {
                "schema": {
                  "$ref": "#/components/schemas/HTTPValidationError"
                }
              }
            },
            "description": "Validation Error"
          }
        },
        "summary": "Update Issue",
        "tags": [
          "issues"
        ]
      }
    },
    "/api/v1/lost-found": {
      "get": {
        "operationId": "list_lost_found_items_api_v1_lost_found_get",
        "parameters": [
          {
            "in": "query",
            "name": "type",
            "required": false,
            "schema": {
              "anyOf": [
                {
                  "$ref": "#/components/schemas/LostFoundItemType"
                },
                {
                  "type": "null"
                }
              ],
              "title": "Type"
            }
          },
          {
            "in": "query",
            "name": "status",
            "required": false,
            "schema": {
              "anyOf": [
                {
                  "$ref": "#/components/schemas/LostFoundStatus"
                },
                {
                  "type": "null"
                }
              ],
              "title": "Status"
            }
          },
          {
            "in": "query",
            "name": "category",
            "required": false,
            "schema": {
              "anyOf": [
                {
                  "type": "string"
                },
                {
                  "type": "null"
                }
              ],
              "title": "Category"
            }
          }
        ],
        "responses": {
          "200": {
            "content": {
              "application/json": {
                "schema": {
                  "items": {
                    "$ref": "#/components/schemas/LostFoundItemRead"
                  },
                  "title": "Response List Lost Found Items Api V1 Lost Found Get",
                  "type": "array"
                }
              }
            },
            "description": "Successful Response"
          },
          "422": {
            "content": {
              "application/json": {
                "schema": {
                  "$ref": "#/components/schemas/HTTPValidationError"
                }
              }
            },
            "description": "Validation Error"
          }
        },
        "summary": "List Lost Found Items",
        "tags": [
          "lost-found"
        ]
      },
      "post": {
        "operationId": "create_lost_found_item_api_v1_lost_found_post",
        "requestBody": {
          "content": {
            "application/json": {
              "schema": {
                "$ref": "#/components/schemas/LostFoundItemCreate"
              }
            }
          },
          "required": true
        },
        "responses": {
          "201": {
            "content": {
              "application/json": {
                "schema": {
                  "$ref": "#/components/schemas/LostFoundItemRead"
                }
              }
            },
            "description": "Successful Response"
          },
          "422": {
            "content": {
              "application/json": {
                "schema": {
                  "$ref": "#/components/schemas/HTTPValidationError"
                }
              }
            },
            "description": "Validation Error"
          }
        },
        "summary": "Create Lost Found Item",
        "tags": [
          "lost-found"
        ]
      }
    },
    "/api/v1/lost-found/{item_id}": {
      "delete": {
        "operationId": "delete_lost_found_item_api_v1_lost_found__item_id__delete",
        "parameters": [
          {
            "in": "path",
            "name": "item_id",
            "required": true,
            "schema": {
              "title": "Item Id",
              "type": "integer"
            }
          }
        ],
        "responses": {
          "204": {
            "description": "Successful Response"
          },
          "422": {
            "content": {
              "application/json": {
                "schema": {
                  "$ref": "#/components/schemas/HTTPValidationError"
                }
              }
            },
            "description": "Validation Error"
          }
        },
        "summary": "Delete Lost Found Item",
        "tags": [
          "lost-found"
        ]
      },
      "get": {
        "operationId": "get_lost_found_item_api_v1_lost_found__item_id__get",
        "parameters": [
          {
            "in": "path",
            "name": "item_id",
            "required": true,
            "schema": {
              "title": "Item Id",
              "type": "integer"
            }
          }
        ],
        "responses": {
          "200": {
            "content": {
              "application/json": {
                "schema": {
                  "$ref": "#/components/schemas/LostFoundItemRead"
                }
              }
            },
            "description": "Successful Response"
          },
          "422": {
            "content": {
              "application/json": {
                "schema": {
                  "$ref": "#/components/schemas/HTTPValidationError"
                }
              }
            },
            "description": "Validation Error"
          }
        },
        "summary": "Get Lost Found Item",
        "tags": [
          "lost-found"
        ]
      },
      "put": {
        "operationId": "update_lost_found_item_api_v1_lost_found__item_id__put",
        "parameters": [
          {
            "in": "path",
            "name": "item_id",
            "required": true,
            "schema": {
              "title": "Item Id",
              "type": "integer"
            }
          }
        ],
        "requestBody": {
          "content": {
            "application/json": {
              "schema": {
                "$ref": "#/components/schemas/LostFoundItemUpdate"
              }
            }
          },
          "required": true
        },
        "responses": {
          "200": {
            "content": {
              "application/json": {
                "schema": {
                  "$ref": "#/components/schemas/LostFoundItemRead"
                }
              }
            },
            "description": "Successful Response"
          },
          "422": {
            "content": {
              "application/json": {
                "schema": {
                  "$ref": "#/components/schemas/HTTPValidationError"
                }
              }
            },
            "description": "Validation Error"
          }
        },
        "summary": "Update Lost Found Item",
        "tags": [
          "lost-found"
        ]
      }
    },
    "/api/v1/reports": {
      "get": {
        "operationId": "list_reports_api_v1_reports_get",
        "parameters": [
          {
            "in": "query",
            "name": "status",
            "required": false,
            "schema": {
              "anyOf": [
                {
                  "type": "string"
                },
                {
                  "type": "null"
                }
              ],
              "title": "Status"
            }
          }
        ],
        "responses": {
          "200": {
            "content": {
              "application/json": {
                "schema": {
                  "items": {
                    "$ref": "#/components/schemas/ReportRead"
                  },
                  "title": "Response List Reports Api V1 Reports Get",
                  "type": "array"
                }
              }
            },
            "description": "Successful Response"
          },
          "422": {
            "content": {
              "application/json": {
                "schema": {
                  "$ref": "#/components/schemas/HTTPValidationError"
                }
              }
            },
            "description": "Validation Error"
          }
        },
        "summary": "List Reports",
        "tags": [
          "reports"
        ]
      },
      "post": {
        "operationId": "create_report_api_v1_reports_post",
        "requestBody": {
          "content": {
            "application/json": {
              "schema": {
                "$ref": "#/components/schemas/ReportCreate"
              }
            }
          },
          "required": true
        },
        "responses": {
          "201": {
            "content": {
              "application/json": {
                "schema": {
                  "$ref": "#/components/schemas/ReportRead"
                }
              }
            },
            "description": "Successful Response"
          },
          "422": {
            "content": {
              "application/json": {
                "schema": {
                  "$ref": "#/components/schemas/HTTPValidationError"
                }
              }
            },
            "description": "Validation Error"
          }
        },
        "summary": "Create Report",
        "tags": [
          "reports"
        ]
      }
    },
    "/api/v1/reports/{report_id}": {
      "delete": {
        "operationId": "delete_report_api_v1_reports__report_id__delete",
        "parameters": [
          {
            "in": "path",
            "name": "report_id",
            "required": true,
            "schema": {
              "title": "Report Id",
              "type": "integer"
            }
          }
        ],
        "responses": {
          "204": {
            "description": "Successful Response"
          },
          "422": {
            "content": {
              "application/json": {
                "schema": {
                  "$ref": "#/components/schemas/HTTPValidationError"
                }
              }
            },
            "description": "Validation Error"
          }
        },
        "summary": "Delete Report",
        "tags": [
          "reports"
        ]
      },
      "get": {
        "operationId": "get_report_api_v1_reports__report_id__get",
        "parameters": [
          {
            "in": "path",
            "name": "report_id",
            "required": true,
            "schema": {
              "title": "Report Id",
              "type": "integer"
            }
          }
        ],
        "responses": {
          "200": {
            "content": {
              "application/json": {
                "schema": {
                  "$ref": "#/components/schemas/ReportRead"
                }
              }
            },
            "description": "Successful Response"
          },
          "422": {
            "content": {
              "application/json": {
                "schema": {
                  "$ref": "#/components/schemas/HTTPValidationError"
                }
              }
            },
            "description": "Validation Error"
          }
        },
        "summary": "Get Report",
        "tags": [
          "reports"
        ]
      },
      "put": {
        "operationId": "update_report_api_v1_reports__report_id__put",
        "parameters": [
          {
            "in": "path",
            "name": "report_id",
            "required": true,
            "schema": {
              "title": "Report Id",
              "type": "integer"
            }
          }
        ],
        "requestBody": {
          "content": {
            "application/json": {
              "schema": {
                "$ref": "#/components/schemas/ReportUpdate"
              }
            }
          },
          "required": true
        },
        "responses": {
          "200": {
            "content": {
              "application/json": {
                "schema": {
                  "$ref": "#/components/schemas/ReportRead"
                }
              }
            },
            "description": "Successful Response"
          },
          "422": {
            "content": {
              "application/json": {
                "schema": {
                  "$ref": "#/components/schemas/HTTPValidationError"
                }
              }
            },
            "description": "Validation Error"
          }
        },
        "summary": "Update Report",
        "tags": [
          "reports"
        ]
      }
    },
    "/health": {
      "get": {
        "operationId": "health_health_get",
        "responses": {
          "200": {
            "content": {
              "application/json": {
                "schema": {
                  "additionalProperties": {
                    "type": "string"
                  },
                  "title": "Response Health Health Get",
                  "type": "object"
                }
              }
            },
            "description": "Successful Response"
          }
        },
        "summary": "Health",
        "tags": [
          "health"
        ]
      }
    },
    "/ready": {
      "get": {
        "operationId": "ready_ready_get",
        "responses": {
          "200": {
            "content": {
              "application/json": {
                "schema": {
                  "additionalProperties": {
                    "type": "string"
                  },
                  "title": "Response Ready Ready Get",
                  "type": "object"
                }
              }
            },
            "description": "Successful Response"
          }
        },
        "summary": "Ready",
        "tags": [
          "health"
        ]
      }
    }
  }
}
