{
  "meta": {
    "app": "KájovoHotel",
    "version": "1.2.0",
    "ssot": "ManifestDesignKájovo.md"
  },
  "navigation": {
    "rules": {
      "maxTopLevelItemsDesktop": 6,
      "overflowLabel": "Další",
      "enableSearchInMenuOnPhone": true,
      "grouping": true,
      "maxTopLevelItemsTablet": 4,
      "phoneDrawerLabel": "Menu",
      "phoneSearchPlaceholder": "Hledat v menu"
    },
    "sections": [
      {
        "key": "overview",
        "label": "Přehled",
        "icon": "layout-dashboard",
        "order": 1
      },
      {
        "key": "operations",
        "label": "Provoz",
        "icon": "briefcase",
        "order": 2
      },
      {
        "key": "records",
        "label": "Evidence",
        "icon": "folder",
        "order": 3
      }
    ]
  },
  "brandPolicy": {
    "signage": {
      "text": "KÁJOVO",
      "background": "#FF0000",
      "textColor": "#FFFFFF",
      "requiredOutsidePopUp": true,
      "position": "fixed-left-bottom",
      "alwaysVisibleOnScroll": true
    },
    "maxBrandElementsPerView": 2
  },
  "modules": [
    {
      "key": "dashboard",
      "label": "Přehled",
      "route": "/",
      "icon": "layout-dashboard",
      "active": true,
      "section": "overview",
      "permissions": [
        "read"
      ]
    },
    {
      "key": "breakfast",
      "label": "Snídaně",
      "route": "/snidane",
      "icon": "utensils",
      "active": true,
      "section": "operations",
      "permissions": [
        "read"
      ]
    },
    {
      "key": "lost_found",
      "label": "Ztráty a nálezy",
      "route": "/ztraty-a-nalezy",
      "icon": "search",
      "active": true,
      "section": "records",
      "permissions": [
        "read"
      ]
    },
    {
      "key": "issues",
      "label": "Závady",
      "route": "/zavady",
      "icon": "tool",
      "active": true,
      "section": "operations",
      "permissions": [
        "read"
      ]
    },
    {
      "key": "inventory",
      "label": "Skladové hospodářství",
      "route": "/sklad",
      "icon": "boxes",
      "active": true,
      "routes": [
        "/sklad",
        "/sklad/:id",
        "/sklad/nova",
        "/sklad/:id/edit"
      ],
      "section": "records",
      "permissions": [
        "read"
      ]
    },
    {
      "key": "reports",
      "label": "Hlášení",
      "route": "/hlaseni",
      "icon": "file-text",
      "active": true,
      "routes": [
        "/hlaseni",
        "/hlaseni/:id",
        "/hlaseni/nove",
        "/hlaseni/:id/edit"
      ],
      "section": "records",
      "permissions": [
        "read"
      ]
    },
    {
      "key": "other",
      "label": "Další",
      "route": "/dalsi",
      "icon": "grid",
      "active": false,
      "section": "records",
      "permissions": [
        "read"
      ]
    }
  ],
  "views": [
    {
      "key": "intro",
      "route": "/intro",
      "type": "intro",
      "requiresFullLockup": true,
      "states": [
        "default",
        "loading",
        "empty",
        "error",
        "offline",
        "maintenance",
        "404"
      ],
      "responsive": [
        "phone",
        "tablet",
        "desktop"
      ],
      "signageRequired": true,
      "maxBrandElements": 2
    },
    {
      "key": "not_found",
      "route": "/404",
      "type": "utility",
      "states": [
        "default",
        "loading",
        "empty",
        "error",
        "offline",
        "maintenance",
        "404"
      ],
      "responsive": [
        "phone",
        "tablet",
        "desktop"
      ],
      "signageRequired": true,
      "maxBrandElements": 2
    },
    {
      "key": "offline",
      "route": "/offline",
      "type": "utility",
      "states": [
        "default",
        "loading",
        "empty",
        "error",
        "offline",
        "maintenance",
        "404"
      ],
      "responsive": [
        "phone",
        "tablet",
        "desktop"
      ],
      "signageRequired": true,
      "maxBrandElements": 2
    },
    {
      "key": "maintenance",
      "route": "/maintenance",
      "type": "utility",
      "states": [
        "default",
        "loading",
        "empty",
        "error",
        "offline",
        "maintenance",
        "404"
      ],
      "responsive": [
        "phone",
        "tablet",
        "desktop"
      ],
      "signageRequired": true,
      "maxBrandElements": 2
    },
    {
      "key": "breakfast_list",
      "route": "/snidane",
      "type": "module",
      "states": [
        "default",
        "loading",
        "empty",
        "error",
        "offline",
        "maintenance",
        "404"
      ],
      "responsive": [
        "phone",
        "tablet",
        "desktop"
      ],
      "signageRequired": true,
      "maxBrandElements": 2
    },
    {
      "key": "breakfast_detail",
      "route": "/snidane/:id",
      "type": "module",
      "states": [
        "default",
        "loading",
        "empty",
        "error",
        "offline",
        "maintenance",
        "404"
      ],
      "responsive": [
        "phone",
        "tablet",
        "desktop"
      ],
      "signageRequired": true,
      "maxBrandElements": 2
    },
    {
      "key": "breakfast_form",
      "route": "/snidane/nova",
      "type": "module",
      "states": [
        "default",
        "loading",
        "empty",
        "error",
        "offline",
        "maintenance",
        "404"
      ],
      "responsive": [
        "phone",
        "tablet",
        "desktop"
      ],
      "signageRequired": true,
      "maxBrandElements": 2
    },
    {
      "key": "breakfast_edit",
      "route": "/snidane/:id/edit",
      "type": "module",
      "states": [
        "default",
        "loading",
        "empty",
        "error",
        "offline",
        "maintenance",
        "404"
      ],
      "responsive": [
        "phone",
        "tablet",
        "desktop"
      ],
      "signageRequired": true,
      "maxBrandElements": 2
    },
    {
      "key": "lost_found_list",
      "route": "/ztraty-a-nalezy",
      "type": "module",
      "states": [
        "default",
        "loading",
        "empty",
        "error",
        "offline",
        "maintenance",
        "404"
      ],
      "responsive": [
        "phone",
        "tablet",
        "desktop"
      ],
      "signageRequired": true,
      "maxBrandElements": 2
    },
    {
      "key": "lost_found_detail",
      "route": "/ztraty-a-nalezy/:id",
      "type": "module",
      "states": [
        "default",
        "loading",
        "empty",
        "error",
        "offline",
        "maintenance",
        "404"
      ],
      "responsive": [
        "phone",
        "tablet",
        "desktop"
      ],
      "signageRequired": true,
      "maxBrandElements": 2
    },
    {
      "key": "lost_found_create",
      "route": "/ztraty-a-nalezy/novy",
      "type": "module",
      "states": [
        "default",
        "loading",
        "empty",
        "error",
        "offline",
        "maintenance",
        "404"
      ],
      "responsive": [
        "phone",
        "tablet",
        "desktop"
      ],
      "signageRequired": true,
      "maxBrandElements": 2
    },
    {
      "key": "lost_found_edit",
      "route": "/ztraty-a-nalezy/:id/edit",
      "type": "module",
      "states": [
        "default",
        "loading",
        "empty",
        "error",
        "offline",
        "maintenance",
        "404"
      ],
      "responsive": [
        "phone",
        "tablet",
        "desktop"
      ],
      "signageRequired": true,
      "maxBrandElements": 2
    },
    {
      "key": "issues_list",
      "route": "/zavady",
      "type": "module",
      "states": [
        "default",
        "loading",
        "empty",
        "error",
        "offline",
        "maintenance",
        "404"
      ],
      "responsive": [
        "phone",
        "tablet",
        "desktop"
      ],
      "signageRequired": true,
      "maxBrandElements": 2
    },
    {
      "key": "issues_detail",
      "route": "/zavady/:id",
      "type": "module",
      "states": [
        "default",
        "loading",
        "empty",
        "error",
        "offline",
        "maintenance",
        "404"
      ],
      "responsive": [
        "phone",
        "tablet",
        "desktop"
      ],
      "signageRequired": true,
      "maxBrandElements": 2
    },
    {
      "key": "issues_create",
      "route": "/zavady/nova",
      "type": "module",
      "states": [
        "default",
        "loading",
        "empty",
        "error",
        "offline",
        "maintenance",
        "404"
      ],
      "responsive": [
        "phone",
        "tablet",
        "desktop"
      ],
      "signageRequired": true,
      "maxBrandElements": 2
    },
    {
      "key": "issues_edit",
      "route": "/zavady/:id/edit",
      "type": "module",
      "states": [
        "default",
        "loading",
        "empty",
        "error",
        "offline",
        "maintenance",
        "404"
      ],
      "responsive": [
        "phone",
        "tablet",
        "desktop"
      ],
      "signageRequired": true,
      "maxBrandElements": 2
    },
    {
      "key": "inventory_list",
      "route": "/sklad",
      "type": "module",
      "states": [
        "default",
        "loading",
        "empty",
        "error",
        "offline",
        "maintenance",
        "404"
      ],
      "responsive": [
        "phone",
        "tablet",
        "desktop"
      ],
      "signageRequired": true,
      "maxBrandElements": 2
    },
    {
      "key": "inventory_detail",
      "route": "/sklad/:id",
      "type": "module",
      "states": [
        "default",
        "loading",
        "empty",
        "error",
        "offline",
        "maintenance",
        "404"
      ],
      "responsive": [
        "phone",
        "tablet",
        "desktop"
      ],
      "signageRequired": true,
      "maxBrandElements": 2
    },
    {
      "key": "inventory_create",
      "route": "/sklad/nova",
      "type": "module",
      "states": [
        "default",
        "loading",
        "empty",
        "error",
        "offline",
        "maintenance",
        "404"
      ],
      "responsive": [
        "phone",
        "tablet",
        "desktop"
      ],
      "signageRequired": true,
      "maxBrandElements": 2
    },
    {
      "key": "inventory_edit",
      "route": "/sklad/:id/edit",
      "type": "module",
      "states": [
        "default",
        "loading",
        "empty",
        "error",
        "offline",
        "maintenance",
        "404"
      ],
      "responsive": [
        "phone",
        "tablet",
        "desktop"
      ],
      "signageRequired": true,
      "maxBrandElements": 2
    },
    {
      "key": "reports_list",
      "route": "/hlaseni",
      "type": "module",
      "states": [
        "default",
        "loading",
        "empty",
        "error",
        "offline",
        "maintenance",
        "404"
      ],
      "responsive": [
        "phone",
        "tablet",
        "desktop"
      ],
      "signageRequired": true,
      "maxBrandElements": 2
    },
    {
      "key": "reports_detail",
      "route": "/hlaseni/:id",
      "type": "module",
      "states": [
        "default",
        "loading",
        "empty",
        "error",
        "offline",
        "maintenance",
        "404"
      ],
      "responsive": [
        "phone",
        "tablet",
        "desktop"
      ],
      "signageRequired": true,
      "maxBrandElements": 2
    },
    {
      "key": "reports_create",
      "route": "/hlaseni/nove",
      "type": "module",
      "states": [
        "default",
        "loading",
        "empty",
        "error",
        "offline",
        "maintenance",
        "404"
      ],
      "responsive": [
        "phone",
        "tablet",
        "desktop"
      ],
      "signageRequired": true,
      "maxBrandElements": 2
    },
    {
      "key": "reports_edit",
      "route": "/hlaseni/:id/edit",
      "type": "module",
      "states": [
        "default",
        "loading",
        "empty",
        "error",
        "offline",
        "maintenance",
        "404"
      ],
      "responsive": [
        "phone",
        "tablet",
        "desktop"
      ],
      "signageRequired": true,
      "maxBrandElements": 2
    }
  ],
  "viewStatePolicy": {
    "requiredStates": [
      "default",
      "loading",
      "empty",
      "error",
      "offline",
      "maintenance",
      "404"
    ],
    "requiredResponsiveLayouts": [
      "phone",
      "tablet",
      "desktop"
    ],
    "note": "Each view must have finished UI for required states across phone/tablet/desktop."
  }
}
